소재지도로명주소,소재지지번주소,트랙터및작업기보유대수,경운기및작업기보유대수,관리기및작업기보유대수,땅속작물수확기보유대수,탈곡기및정선작업기보유대수,자주형파종기보유대수,이앙작업기보유대수,벼수확및운반작업기보유대수,총 임대 농기계,,,
충청남도 계룡시 두마면 사계로 177,,34,2,15,7,13,2,0,0,73,,,
경기도 양주시 은현면 그루고개로221번길262,경기도 양주시 은현면 도하리 682,298,16,38,21,54,11,19,22,479,,,
경상남도 밀양시 상남면 상남로 1008-18,경상남도 밀양시 상남면 기산리 1052-1,136,4,13,21,34,1,0,1,210,,,
전북특별자치도 정읍시 신태인읍 감곡로 42,전북특별자치도 정읍시 신태인읍 백산리 산 255-1,95,26,48,25,21,0,0,2,217,,,
충청북도 음성군 대소면 청천로 38,충청북도 음성군 대소면 오류리 414,31,3,16,4,13,1,3,0,71,,,
강원특별자치도 화천군 하남면 용화산로 1321-20 화천생태영상센터,강원특별자치도 화천군 하남면 용암리 1015-3,39,1,7,4,11,0,0,4,66,,,
강원특별자치도 화천군 사내면 창안산길 34,강원특별자치도 화천군 사내면 사창리 410-2,37,2,11,1,10,0,1,3,65,,,
강원특별자치도 화천군 사내면 포화로 686,강원특별자치도 화천군 사내면 광덕리 516-15,24,1,7,0,5,0,0,0,37,,,
경상남도 의령군 부림면 한지31길 6,경상남도 의령군 부림면 신반리 160-11,85,3,5,17,10,5,0,3,128,,,
충청북도 충주시 동량면 충원대로1350,충청북도 충주시 대전리 1667,49,14,20,20,34,0,3,4,144,,,
충청북도 충주시 대소원면 화곡1길 30-29,충청북도 충주시 대소원면 영평리 479-69,39,15,26,19,38,1,2,4,144,,,
충청북도 충주시 창현로 1239,충청북도 충주시 용관동 305-1,16,6,9,9,20,1,0,1,62,,,
충청북도 충주시 앙성면 동막고개길 346,충청북도 충주시 앙성면 능암리 747-2,13,4,8,3,17,0,0,1,46,,,
충청북도 충주시 수회리로 186,충청북도 충주시 수안보면 중산리 479,11,8,13,4,15,0,1,2,54,,,
경기도 김포시 통진읍 하성로 58-155,경기도 김포시 통진읍 수참리 373,168,19,25,33,42,23,8,0,318,,,
경기도 양평군 양평읍 농업기술센터길 37,경기도 양평군 양평읍 공흥리 1-1,87,15,34,21,30,1,4,2,194,,,
인천광역시 강화군 송해면 강화대로 842-12,인천광역시 강화군 송해면 하도리 1218,84,5,21,14,15,1,0,0,140,,,
인천광역시 강화군 화도면 마니산로 348,인천광역시 강화군 화도면 덕포리 853,86,9,29,16,22,0,0,0,162,,,
충청남도 부여군 규암면 흥수로 488,충청남도 부여군 규암면 노화리 325-1,140,7,40,9,30,5,1,16,248,,,
충청남도 부여군 임천면 충절로 923-12,충청남도 부여군 임천면 만사리 404-1,102,8,23,8,13,6,2,0,162,,,
충청남도 부여군 석성면 왕릉로정각사길 8-11,충청남도 부여군 석성면 정각리 148-2,74,2,12,6,11,4,0,0,109,,,
충청남도 부여군 홍산면 남성로 85,충청남도 부여군 홍산면 좌홍리 1024-4,54,0,10,3,11,2,0,0,80,,,
전라남도 화순군 능주면 학포로 2343,전라남도 화순군 능주면 만수리 797-16,81,15,48,12,21,4,2,2,185,,,
전라남도 화순군 동복면 오지호로 335,전라남도 화순군 동복면 천변리 5-1,45,9,31,9,19,3,1,0,117,,,
경상남도 창원시 의창구 동읍 봉강가술로 70,경상남도 창원시 의창구 동읍 봉곡리 176-1,2,2,11,9,13,0,0,13,50,,,
경상남도 창원시 마산합포구 진북면 지산1길 130,경상남도 창원시 마산합포구 진북면 지산리 262-10,1,3,9,10,10,1,0,2,36,,,
경상남도 창원시 진해구 웅천로 218,경상남도 창원시 진해구 성내동 476-2,1,1,4,1,3,0,0,2,12,,,
경상남도 진주시 문산읍 문정로 471-9,경상남도 진주시 문산읍 두산리 777,86,14,36,16,18,0,2,0,172,,,
경상남도 진주시 집현면 신당길 207번길 22,경상남도 진주시 집현면 신당리 95-1,57,12,25,9,11,0,0,0,114,,,
경상남도 진주시 진성면 동부로 1605,경상남도 진주시 진성면 천곡리 1151-6,55,10,14,8,6,0,0,0,93,,,
경상남도 사천시 용현면 진삼로 902,경상남도 사천시 용현면 신복리 500,26,18,14,13,17,2,0,0,90,,,
경상남도 사천시 곤양면 서삼로 103,경상남도 사천시 곤양면 송전리 99-6,5,6,6,8,5,0,0,0,30,,,
경상남도 김해시 전하로198번길 102,경상남도 김해시 전하동 900,75,6,15,10,6,5,0,0,117,,,
충청남도 당진시 구봉로 46,,145,5,25,25,60,15,0,0,275,,,
충청남도 당진시 합덕읍 면천로 1580,,122,9,15,26,56,8,0,0,236,,,
충청북도 괴산군 괴산읍 수진4길 66,충청북도 괴산군 괴산읍 서부리 708,43,1,31,18,22,5,0,0,120,,,
충청북도 괴산군 감물면 감물로이담4길 5,충청북도 괴산군 감물면 이담리 521,33,1,25,9,21,3,0,0,92,,,
충청북도 괴산군 장연면 연풍로 448,충청북도 괴산군 장연면 송덕리 494-6,26,2,27,16,17,4,0,0,92,,,
충청북도 괴산군 연풍면 연풍로배상길 101,충청북도 괴산군 연풍면 행촌리 807,29,1,13,3,15,2,0,0,63,,,
충청북도 괴산군 청천면 금평진등2길 13-15,충청북도 괴산군 청천면 도원리 202-12,37,3,49,21,25,7,0,0,142,,,
충청북도 괴산군 사리면 사리로사담1길 5,충청북도 괴산군 사리면 사담리 533,40,5,34,22,20,8,0,0,129,,,
충청남도 당진시 석문면 대호로 1479-2,,115,10,25,22,48,5,0,0,225,,,
충청남도 당진시 신평면 덕평로 1366-35,,53,0,6,7,22,0,0,0,88,,,
충청북도 청주시 상당구 남일면 단재로 480,충청북도 청주시 상당구 남일면 효촌리 279,48,55,174,29,19,16,39,23,403,,,
전북특별자치도 임실군 임실읍 봉황로 371,전북특별자치도 임실군 임실읍 두곡리 42-1,1,14,31,35,26,20,0,0,127,,,
전북특별자치도 임실군 오수면 오수로 195-60,전북특별자치도 임실군 오수면 대명리 699-2,1,14,30,30,25,21,0,0,121,,,
전북특별자치도 임실군 신덕면 수지로 36,전북특별자치도 임실군 신덕면 수천리 894-3,1,12,21,14,16,15,0,0,79,,,
전북특별자치도 임실군 강진면 강동로 1346,전북특별자치도 임실군 강진면 갈담리 505,1,10,15,13,15,19,0,0,73,,,
경기도 가평군 가평읍 아랫마장길 59,경기도 가평군 가평읍 승안리 100번지,136,0,36,5,32,30,29,20,288,,,
전북특별자치도 남원시 황산로 1733,전북특별자치도 남원시 인월면 서무리 1055-4,119,28,48,33,25,2,2,0,257,,,
전북특별자치도 남원시 물머리로 12,전북특별자치도 남원시 금지면 창산리 72-2,126,16,45,24,21,2,2,0,236,,,
전북특별자치도 남원시 덕오로 52,전북특별자치도 남원시 사매면 오신리 818-1,116,14,42,22,15,2,3,0,214,,,
충청북도 증평군 증평읍 내룡길 69-50,충청북도 증평군 증평읍 사곡리 316,113,10,65,17,17,0,10,9,241,,,
경상남도 거제시 거제면 거제남서로 3585,경상남도 거제시 거제면 서정리 976-13,51,16,34,0,7,0,0,0,108,,,
경상남도 의령군 의령읍 의합대로 69,경상남도 의령군 의령읍 무전리 249-7,105,16,13,81,29,11,0,3,258,,,
경상남도 의령군 정곡면 법정로1길 6,경상남도 의령군 정곡면 백곡리 952,56,7,6,24,10,6,0,3,112,,,
충청남도 보령시 주포면 충서로 3220,충청남도 보령시 주포면 관산리 432,45,2,24,12,23,0,8,1,115,,,
충청남도 보령시 웅천읍 장터7길 30,충청남도 보령시 웅천읍 대창리 349-5,31,2,14,9,14,0,6,1,77,,,
충청남도 태안군 안면읍 장터로 10,충청남도 태안군 안면읍 승언리 341-125,46,20,32,29,9,0,0,0,136,,,
충청남도 태안군 원북면 원이로 1015,충청남도 태안군 원북면 마산리 100-15,32,14,11,30,37,2,0,0,126,,,
충청남도 태안군 근흥면 마금로 227,충청남도 태안군 근흥면 마금리 326,23,13,21,31,26,0,0,0,114,,,
전북특별자치도 진안군 마령면 임진로 2132,전북특별자치도 진안군 마령면 평지리 1356,2+21,4+4,5,1,13,0,0,0,19,,,
전북특별자치도 진안군 동향면 창촌길 40,전북특별자치도 진안군 동향면 대량리 184-1,2+14,2+2,3,1,8,0,0,0,12,,,
전북특별자치도 진안군 부귀면 부귀로 206,전북특별자치도 진안군 부귀면 거석리 879-2,2+27,3+3,4,2,13,0,0,0,19,,,
전북특별자치도 진안군 안천면 진무로 3042,전북특별자치도 진안군 안천면 백화리 1536-3,2+18,3+3,4,0,6,0,0,0,10,,,
전북특별자치도 진안군 상전면 주평로 11-17,전북특별자치도 진안군 상전면 주평리 1018,1+2,1+1,2,0,2,0,0,0,4,,,
전라남도 무안군 무안읍 무안로 339,전라남도 무안군 무안읍 성남리 582-1,85,0,36,5,20,26,0,1,173,,,
경기도 수원시 권선구 온정로45,경기도 수원시 권선구 오목천동 40,3,6,16,1,4,1,0,0,31,,,
경상북도 영주시 안정면 안정로 30,경상북도 영주시 안정면 안심리 131,66,5,17,11,19,11,0,3,132,,,
경상북도 영주시 문수면 종릉로 516,경상북도 영주시 문수면 만방리 918-2,93,17,18,29,36,15,0,2,210,,,
경상북도 영주시 단산면 아호로 6,경상북도 영주시 단산면 옥대리 135-4,80,4,12,7,30,18,0,2,153,,,
경상남도 의령군 정곡면 법정로1길6,경상남도 의령군 정곡면 백곡리 952,45,9,8,26,13,6,0,3,110,,,
경상남도 의령군 부림면 한지31길6,경상남도 의령군 부림면 신반리 160-11,95,7,6,19,11,5,0,3,146,,,
경상남도 의령군 칠곡면 진의로 2210-6,경상남도 의령군 칠곡면 신포리 241,40,5,4,5,7,1,0,1,63,,,
경상남도 함안군 가야읍 삼봉로 422,경상남도 함안군 가야읍 묘사리 910,105,5,15,20,21,1,1,0,168,,,
경상남도 함안군 칠서면 회산길 108,경상남도 함안군 칠서면 회산리 34-3,91,5,10,10,18,1,0,0,135,,,
경상남도 함안군 산인면 서봉로 13,경상남도 함안군 산인면 부봉리 469-1,25,0,6,5,9,0,1,0,46,,,
경상남도 창녕군 대지면 우포2로 1069-15,경상남도 창녕군 대지면 효정리 291,441,66,82,103,24,74,0,0,790,,,
경상남도 창녕군 도천면 신제로 357-3,경상남도 창녕군 도천면 일리 666,155,20,43,82,17,29,0,0,346,,,
경상남도 고성군 고성읍 남해안대로 2829-60,경상남도 고성군 고성읍 우산리 206-2,189,35,107,38,23,6,15,0,413,,,
경상남도 고성군 영오면 옥천로 1447,경상남도 고성군 영오면 연당리 926,57,5,35,8,6,2,6,0,119,,,
경상남도 고성군 하일면 자란만로 1700,경상남도 고성군 하일면 학림리 381,47,5,43,4,5,0,5,0,109,,,
경상남도 남해군 이동면 남해대로 2465-9,경상남도 남해군 이동면 다정리 953,14,10,22,6,3,8,2,2,67,,,
경상남도 남해군 삼동면 동부대로 1740-20,경상남도 남해군 삼동면 금송리 706-10,4,4,17,5,2,7,1,0,40,,,
경상남도 남해군 고현면 남해대로 3264-55,경상남도 남해군 고현면 도마리 1891-1,6,2,22,7,1,6,1,0,45,,,
경상남도 하동군 적량면 한옥정길90,경상남도 하동군 적량면 동산리 1830-1,111,31,54,22,28,6,3,0,255,,,
경상남도 하동군 북천면 금천길 21,경상남도 하동군 북천면 직전리 556-10,30,11,34,6,3,2,0,0,86,,,
경상남도 하동군 고전면 죽전길 9,경상남도 하동군 고전면 고하리 154-1,55,16,15,6,5,2,2,0,101,,,
경상남도 산청군 산청읍 정곡척지로3번길 62,경상남도 산청군 산청읍 병정리 326-1,100,17,35,32,17,6,0,0,207,,,
경상남도 산청군 단성면 목화로 909,경상남도 산청군 단성면 사월리 22,56,10,16,16,6,7,0,0,111,,,
경상남도 함양군 함양읍 고운로 539,경상남도 함양군 함양읍 백천리 408-2,63,6,17,9,9,1,0,0,105,,,
경상남도 함양군 안의면 거함대로 1712,경상남도 함양군 안의면 교북리 37,44,5,12,10,6,1,0,0,78,,,
강원도 인제군 인제읍 비봉로44번길 105,강원도 인제군 인제읍 남북리 816,87,6,74,17,19,0,8,6,217,,,
강원도 인제군 기린면 창암길 15-8,강원도 인제군 기린면 현리 840-14,57,5,46,20,15,0,5,6,154,,,
경상남도 합천군 적중면 황강옥전로 1889,경상남도 합천군 적중면 부수리 403,144,9,27,0,13,13,0,2,208,,,
경상남도 합천군 삼가면 서부로 170,경상남도 합천군 삼가면 하판리 1314-3,102,8,23,0,15,13,0,2,163,,,
경상남도 합천군 야로면 미숭산로 21,경상남도 합천군 야로면 야로리 225-5,95,8,18,0,14,6,0,2,143,,,
경상북도 울진군 매화면 매화매실길 76,경상북도 울진군 매화면 매화리 1032-28,225,20,61,35,19,1,7,2,370,,,
경상북도 울진군 평해읍 평오곡길 30,경상북도 울진군 평해읍 평해리 1315,107,14,47,16,12,1,3,1,201,,,
경상북도 울진군 금강송면 불영계곡로 1524,경상북도 울진군 금강송면 삼근리 529,35,4,17,7,4,0,2,0,69,,,
경상북도 울진군 북면 박금소야로 448,경상북도 울진군 북면 소곡리 126,60,5,29,4,6,0,2,1,107,,,
경상북도 울진군 온정면 소태하암길 46,경상북도 울진군 온정면 소태리 419,23,8,15,5,2,4,2,0,59,,,
경상북도 영양군 영양읍 영양창수로 323,경상북도 영양군 영양읍 대천리 569,150,44,50,26,35,1,6,15,327,,,
충청북도 진천군 이월면 진광로 902-27,충청북도 진천군 이월면 내촌리 436,46,28,57,13,8,8,0,0,160,,,
충청북도 음성군 음성읍 용광로 81-5,충청북도 음성군 음성읍 용산리 258,43,3,23,6,19,1,3,0,98,,,
충청북도 음성군 금왕읍 멍심이길 209,충청북도 음성군 금왕읍 도청리 474-33,47,4,21,4,18,1,4,0,99,,,
충청북도 음성군 생극면 음성로 1985-3,충청북도 음성군 생극면 방축리 240-3,42,3,23,5,15,1,5,0,94,,,
충청북도 음성군 소이면 한불로 584-1,충청북도 음성군 소이면 금고리 853,34,4,16,5,15,1,3,0,78,,,
경상남도 김해시 한림면 한림로618번길 36,경상남도 김해시 한림면 장방리 1403,30,3,17,5,4,4,0,2,65,,,
경상남도 김해시 대동면 동남로41번길 25-15,경상남도 김해시 대동면 초정리 952-670,102,5,34,13,7,0,0,4,165,,,
경상남도 밀양시 상남면 상남로 1008-18,경상남도 밀양시 상남면 기산리 1052-3,119,5,13,21,34,1,0,0,193,,,
경상남도 거제시 거제면 거제남서로 3585,경상남도 거제시 거제면 서정리 976-13,39,7,22,11,4,0,2,0,85,,,
경상남도 양산시 동면 양산대로 618,경상남도 양산시 동면 석산리 392,104,3,21,10,11,0,2,0,151,,,
경상남도 의령군 의령읍 의합대로 69,경상남도 의령군 의령읍 무전리 249-7,110,18,15,81,33,11,0,3,271,,,
충청남도 예산군 봉산면 효교냉천길 20,충청남도 예산군 봉산면 효교리 156-4,106,5,12,12,38,6,0,0,179,,,
경상남도 산청군 단성면 목화로909,경상남도 산청군 단성면 사월리 22,61,18,16,5,5,9,0,1,115,,,
경상남도 산청군 산청읍 정곡척지로3번길62,경상남도 산청군 산청읍 병정리326-1,107,29,35,6,11,11,0,5,204,,,
경상남도 진주시 집현면 신당길207번길 22,경상남도 진주시 집현면 신당리 95-1,56,16,40,12,15,0,1,0,140,,,
경상남도 진주시 문산읍 문정로 471-9,경상남도 진주시 문산읍 두산리 777,82,20,61,20,22,0,1,0,206,,,
경상남도 진주시 진성면 동부로 1605,경상남도 진주시 진성면 천곡리 1151-6,53,10,15,7,6,0,0,0,91,,,
부산광역시 기장군 기장읍 반송로 1370-22,부산광역시 기장군 기장읍 만화리 333-28,58,8,29,3,2,2,2,0,104,,,
인천광역시 계양구 살라리로 2번길 33,인천광역시 계양구 서운동 207-1,18,11,8,0,4,1,0,0,42,,,
인천광역시 중구 공항서로 587,인천광역시 중구 을왕동 488-5,16,10,7,0,3,0,0,0,36,,,
강원특별자치도 동해시 초구길 2-1,강원특별자치도 동해시 초구동 110,6,6,53,4,8,0,5,0,82,,,
강원특별자치도 동해시 이원길 77-5,강원특별자치도 동해시 이도동 657-4,5,8,23,4,12,1,4,0,57,,,
강원특별자치도 평창군 용평면 새터마을길 4-21,강원특별자치도 평창군 용평면 백옥포리 181-5,85,8,28,12,24,13,2,2,174,,,
강원특별자치도 평창군 진부면 오대천로 1970-6,강원특별자치도 평창군 진부면 하진부리 351,77,6,30,10,17,16,0,1,157,,,
강원특별자치도 평창군 대관령면 솔재길 12,강원특별자치도 평창군 대관령면 용산리 1-74,66,6,30,4,8,4,0,1,119,,,
전북특별자치도 남원시 이백로 309,전북특별자치도 남원시 이백면 서곡리 429,115,28,42,36,25,2,2,0,250,,,
경상북도 김천시 조마면 용호로 110-10,경상북도 김천시 조마면 강곡리 12-1,45,8,4,8,11,0,5,0,81,,,
경상남도 함양군 안의면 거함대로 1712,경상남도 함양군 안의면 교북리 37,27,11,15,8,5,1,0,0,67,,,
경상남도 함양군 함양읍 고운로 539,경상남도 함양군 함양읍 백천리 405-1,38,15,22,10,10,1,0,1,97,,,
경상남도 함양군 백전면 백현길 28-2,경상남도 함양군 백전면 경백리 507,15,9,8,2,2,0,0,0,36,,,
경상남도 함양군 휴천면 천왕봉로 2426,경상남도 함양군 휴천면 남호리 372,15,8,7,8,3,1,0,0,42,,,
충청남도 태안군 태안읍 송암로 523,충청남도 태안군 태안읍 송암리 770-2,93,45,37,83,56,0,0,0,314,,,
경상북도 의성군 금성면 탑운길 115,경상북도 의성군 금성면 탑리리 990,47,16,5,12,28,0,0,0,108,,,
경상북도 의성군 안계면 서부로 1800,경상북도 의성군 안계면 시안리 367-2,75,8,6,10,19,1,0,0,119,,,
경상북도 의성군 점곡면 동변길 159,경상북도 의성군 점곡면 동변리 1075-1,35,12,4,11,24,0,0,0,86,,,
경상북도 의성군 다인면 비안다인로 1786-5,경상북도 의성군 다인면 도암리 971-1,54,1,0,6,19,0,0,0,80,,,
경상북도 경주시 서악2길 14(서악동),경상북도 경주시 서악동 1153,133,12,75,13,28,0,0,1,262,,,
경상북도 경주시 양북면 감은로 288-11,경상북도 경주시 양북면 어일리 430-17,53,5,24,3,14,0,0,1,100,,,
경상북도 경주시 안강읍 안현로 1294-42,경상북도 경주시 안강읍 갑산리 927,85,11,41,9,16,4,0,1,167,,,
경상북도 경주시 시동로 303,경상북도 경주시 시동 998-81,51,7,23,6,11,1,0,2,101,,,
광주광역시 남구 용곡동 회농길 229,광주광역시 남구 석정동 389-4,31,8,25,11,9,9,0,0,93,,,
충청북도 영동군 영동읍 학산영동로 1065,충청북도 영동군 영동읍 부용리 610,101,11,84,18,21,16,8,8,267,,,
충청북도 영동군 매곡면 민주지산로 3894,충청북도 영동군 매곡면 노천리 379-1,46,2,29,4,15,4,3,0,103,,,
충청북도 영동군 학산면 서산로 88,충청북도 영동군 학산면 서산리 844-1,47,3,24,4,12,7,2,0,99,,,
인천광역시 옹진군 대청면 대청로 186,인천광역시 옹진군 대청면 대청리 454-9,10,9,16,4,1,0,2,1,43,,,
인천광역시 옹진군 덕적면 덕적남로 867번길 70,인천광역시 옹진군 덕적면 서포리 868,20,15,37,7,9,0,1,0,89,,,
인천광역시 옹진군 자월면 자월서로 88,인천광역시 옹진군 자월면 자월리 1065-12,11,3,15,2,2,0,0,0,33,,,
인천광역시 옹진군 자월면 승봉로67번길 90,인천광역시 옹진군 자월면 승봉리 771-7,9,3,11,2,1,0,0,0,26,,,
인천광역시 옹진군 영흥면 영흥남로 435번길 29,인천광역시 옹진군 영흥면 외리 728-2,19,11,48,5,5,0,0,0,88,,,
경상북도 김천시 봉산면 봉산2로 30,경상북도 김천시 봉산면 신리 205,30,3,4,5,9,0,6,0,57,,,
경상북도 김천시 지례면 지례로 40,경상북도 김천시 지례면 상부리 111,33,4,4,6,10,0,5,0,62,,,
경상북도 김천시 감문면 감문로 1043,경상북도 김천시 감문면 보광리 393,42,3,4,8,10,0,8,0,75,,,
경상북도 김천시 구성면 남김천대로 3296-22,경상북도 김천시 구성면 하강리 56,11,0,0,0,9,0,10,0,30,,,
경상북도 김천시 초곡길 25(율곡동),경상북도 김천시 율곡동 6-1691,32,3,4,8,14,0,4,0,65,,,
강원특별자치도 영월군 북면 영월로 1315,,249,20,42,37,82,2,17,10,459,,,
강원특별자치도 영월군 주천면 금용강변로 26-15,,56,5,8,11,23,1,6,0,110,,,
울산광역시 울주군 청량읍 청량천변로 211,울산광역시 울주군 청량읍 문죽리 252,89,21,51,14,11,0,0,0,186,,,
전북특별자치도 무주군 무주읍 한풍루로 416,전북특별자치도 무주군 무주읍 당산리 530,116,21,83,44,33,0,11,4,312,,,
경상북도 고령군 대가야읍 일량본길 139,경상북도 고령군 대가야읍 내곡리 772,466,30,59,92,20,18,15,0,700,,,
전라남도 영광군 군서면 복호로 57-25,전라남도 영광군 군서면 만곡리 95-60,176,29,67,40,55,2,5,10,384,,,
전라남도 영광군 홍농읍 상단길 195,전라남도 영광군 홍농읍 상하리 1185-5,78,18,18,10,14,0,1,4,143,,,
경기도 포천시 신북면 틀못이길 11-88,경기도 포천시 신북면 기지리 647-1,50,27,49,15,29,20,15,8,213,,,
경기도 포천시 영북면 호국로 4147-21,경기도 포천시 영북면 자일리 845-6,36,1,18,5,4,6,0,0,70,,,
광주광역시 광산구 용곡동 기곡길9,광주광역시 광산구 용곡동 32-6,49,11,51,22,24,16,0,0,173,,,
광주광역시 북구 용강길 126,광주광역시 북구 용강동 332-1,41,8,25,17,14,6,0,0,111,,,
강원특별자치도 정선군 임계면 송계4길 24,강원특별자치도 정선군 임계면 송계리 955,49,1,39,8,27,6,2,0,132,,,
강원특별자치도 정선군 신동읍 의림로 420,강원특별자치도 정선군 신동읍 예미리 319-2,30,1,26,1,36,1,0,0,95,,,
강원특별자치도 정선군 화암면 그림바위길 17,강원특별자치도 정선군 화암면 화암리 401-1,31,0,12,3,16,1,1,0,64,,,
강원특별자치도 삼척시 근덕면 맹방해변로49,강원특별자치도 삼척시 근덕면 교가리 424-85,46,12,46,4,16,10,3,3,140,,,
강원특별자치도 삼척시 원덕읍 산양서원 1길16-36,강원특별자치도 삼척시 원덕읍 산양리 777-3,50,13,43,6,15,6,3,2,138,,,
강원특별자치도 삼척시 미로면 강원남부로 3922,강원특별자치도 삼척시 미로면 하거노리 434,43,15,55,11,22,14,3,3,166,,,
강원특별자치도 삼척시 하장면 백두대간로2681-10,강원특별자치도 삼척시 하장면 장전리 84-24,23,4,38,3,11,6,0,1,86,,,
경상남도 고성군 고성읍 남해안대로 2829-60,,190,35,107,38,23,6,15,3,417,,,
경상남도 고성군 영오면 옥천로 1447,,57,5,35,8,6,2,6,0,119,,,
경상남도 고성군 하일면 자란만로 1700,,47,5,43,4,5,0,5,0,109,,,
전북특별자치도 익산시 금마면 제석사지로 21-2,전북특별자치도 익산시 금마면 동고도리 952-17,45,1,35,7,10,5,0,0,103,,,
전북특별자치도 익산시 함열읍 익산대로 1366-20,전북특별자치도 익산시 함열읍 다송리 721-36,75,4,66,13,20,15,0,0,193,,,
충청남도 논산시 부적면 백일헌로 3,충청남도 논산시 부적면 덕평리 40-8,202,20,98,36,40,48,1,0,445,,,
충청북도 진천군 진천읍 삼덕1길 45-16,충청북도 진천군 진천읍 삼덕리 1519,145,58,92,33,22,16,2,1,369,,,
경상북도 성주군 선남면 운용로 1614-27,경상북도 성주군 선남면 도성리 870,48,1,7,5,4,0,0,0,65,,,
강원특별자치도 평창군 평창읍 여만길 46,강원특별자치도 평창군 평창읍 여만리 357-6,151,9,28,15,37,6,2,6,254,,,
강원특별자치도 평창군 미탄면 서동로 3597,강원특별자치도 평창군 미탄면 창리 868-1,25,0,9,6,8,0,0,0,48,,,
강원특별자치도 평창군 방림면 천제당길 42-16,강원특별자치도 평창군 방림면 방림리 752-2,53,8,19,5,16,4,2,0,107,,,
경상북도 포항시 북구 흥해읍 신흥로 572,경상북도 포항시 북구 흥해읍 매산리 16-1번지,67,3,20,3,18,3,0,2,116,,,
경상북도 포항시 북구 기계면 봉좌로 383번길 32-43,경상북도 포항시 북구 기계면 인비리 784번지,26,5,16,8,16,0,0,2,73,,,
경상북도 포항시 남구 호미곶면 해맞이로167번길 7,,14,2,7,5,6,10,0,0,44,,,
전라남도 순천시 승주읍 유흥길 48,전라남도 순천시 승주읍 유흥리 104,45,2,26,5,11,0,3,0,92,,,
전라남도 순천시 지현길 96,전라남도 순천시 덕월동 377,39,2,28,3,15,0,3,5,95,,,
전라남도 순천시 외서면 쌍향수길 369-12,전라남도 순천시 외서면 화전리 98,34,2,17,3,5,0,0,0,61,,,
강원특별자치도 정선군 북평면 송석길 146-7,강원특별자치도 정선군 북평면 남평리 412-1,58,2,37,5,70,4,2,0,178,,,
경상북도 구미시 산동면 강동로 851-21,경상북도 구미시 산동면 인덕리 520,86,5,15,16,13,7,0,0,142,,,
전북특별자치도 장수군 장수읍 와동길 56,전북특별자치도 장수군 장수읍 개정리 621,49,3,36,11,23,2,2,0,126,,,
전북특별자치도 장수군 산서면 충효로 2843,전북특별자치도 장수군 산서면 신창리 991,45,5,35,11,12,2,1,0,111,,,
전북특별자치도 장수군 번암면 지지로 70,전북특별자치도 장수군 번암면 노단리 962-4,26,5,19,9,9,2,2,0,72,,,
전북특별자치도 장수군 장계면 장무로 334-11,전북특별자치도 장수군 장계면 금덕리 637,54,5,30,11,15,2,2,0,119,,,
전북특별자치도 장수군 천천면 장천로 1144-11,전북특별자치도 장수군 천천면 봉덕리 687,26,4,24,6,7,1,2,0,70,,,
전북특별자치도 장수군 소비재로 750,전북특별자치도 장수군 계남면 신전리 2099,21,7,18,5,9,1,2,0,63,,,
전북특별자치도 장수군 계북면 소비재로 750,전북특별자치도 장수군 계북면 어전리 1239,16,3,10,3,8,1,2,0,43,,,
전북특별자치도 전주시 덕진구 원장동길 111-17,전북특별자치도 전주시 덕진구 장동 452-32,7,5,22,8,20,8,0,0,70,,,
전북특별자치도 진안군 진안읍 진무로 702-30,전북특별자치도 진안군 진안읍 반월리 1032-1,4+105,4+5,24,2,22,3,0,0,51,,,
전북특별자치도 진안군 정천면 진용로 1107,전북특별자치도 진안군 정천면 봉학리 321,2+22,3+3,6,0,18,0,0,0,24,,,
충청북도 단양군 단양읍 중앙1로 20,충청북도 단양군 단양읍 별곡리 310,39,45,35,13,19,0,1,7,159,,,
충청북도 단양군 가곡면 남한강로 1093,충청북도 단양군 가곡면 향산리 552,28,36,36,25,22,9,1,3,160,,,
충청북도 단양군 단성면 월악로 4541,충청북도 단양군 단성면 중방리 414,18,16,24,9,9,9,0,6,91,,,
충청북도 단양군 매포읍 단양산업단지2로 90-14,충청북도 단양군 매포읍 우덕리 893,19,23,20,10,7,7,0,5,91,,,
,전북특별자치도 김제시 공덕면 황산리 1502-1,102,0,47,18,28,10,0,0,205,,,
인천광역시 옹진군 북도면 시도로 86번길 78,인천광역시 옹진군 북도면 시도리 277-7,27,8,34,5,4,0,0,0,78,,,
인천광역시 옹진군 북도면 장봉로 694번길 16,인천광역시 옹진군 북도면 장봉리 546-3,16,6,26,3,5,0,0,0,56,,,
인천광역시 옹진군 연평면 연평로 821번길 37,인천광역시 옹진군 연평면 연평리 493-5,10,7,15,3,1,0,1,1,38,,,
인천광역시 옹진군 백령면 화동로 264,인천광역시 옹진군 백령면 남포리 1774-7,30,17,95,15,12,0,2,3,174,,,
경상북도 상주시 이안면 양범안룡길 90,경상북도 상주시 이안면 양범리 87-3,70,0,27,7,28,0,0,0,132,,,
경상북도 상주시 화서면 효자로 571,경상북도 상주시 화서면 달천리 23,72,9,23,17,13,0,0,0,134,,,
경상북도 영덕군 영덕읍 구미2길 16,경상북도 영덕군 영덕읍 구미리 70,30,4,19,8,17,0,0,0,78,,,
경상북도 영덕군 영해면 창수영해로 487,경상북도 영덕군 영해면 벌영리 563-2,31,4,16,10,14,0,0,0,75,,,
전라남도 구례군 구례읍 동산1길 37-11,전라남도 구례군 구례읍 봉서리 895-2,106,5,13,17,34,3,0,1,179,,,
전라남도 구례군 용방면 용방로 320,전라남도 구례군 용방면 용강리 424-15,27,3,6,4,11,0,0,0,51,,,
대구광역시 동구 도평로 52,대구광역시 동구 지저동 886-43,25,15,37,3,12,0,0,0,92,,,
경상북도 청도군 청도읍 원정3길 49,경상북도 청도군 청도읍 원정리 777-2,38,9,18,11,21,0,0,0,97,,,
경상북도 청도군 풍각면 헐티로 119,경상북도 청도군 풍각면 송서리 300,44,9,18,30,23,0,0,0,124,,,
충청남도 공주시 우성면 내산목천길 52-15,충청남도 공주시 우성면 도천리 1-2,141,26,43,25,35,9,0,0,279,,,
전라남도 고흥군 풍양면 풍남로 143,전라남도 고흥군 풍양면 율치리 1506,14,11,35,3,15,44,1,0,123,,,
전북특별자치도 김제시 만경읍 만경로 799-21,전북특별자치도 김제시 만경읍 만경리 508-1,121,0,45,13,30,12,0,0,221,,,
부산광역시 강서구 공항로 1285,부산광역시 강서구 대저1동 2426-2,23,3,5,2,2,6,0,1,42,,,
경상북도 봉화군 봉성면 농업인길 24,경상북도 봉화군 봉성면 다덕로 374-47,132,12,40,28,38,0,0,6,256,,,
강원도 강릉시 사천면 동해대로3738-17,강원도 강릉시 사천면 미노리 440-1,136,13,54,23,27,14,12,0,279,,,
강원도 강릉시 칠성로 520,강원도 강릉시 유산동 286-3,47,9,30,15,20,4,0,0,125,,,
강원도 강릉시 성산면 공제로 277,강원도 강릉시 성산면 금산리 1044,51,8,23,13,24,2,0,0,121,,,
경기도 여주시 농산로 71,경기도 여주시 상거동 5-5,137,11,39,45,56,31,2,0,321,,,
경기도 이천시 모가면 사실로 720,경기도 이천시 모가면 어농리 615-7,75,12,25,12,12,19,0,10,165,,,
경기도 이천시 장호원읍 서동대로8759번길 97-80,경기도 이천시 장호원읍 진암리 328-5,59,6,14,8,8,8,1,0,104,,,
경상북도 문경시 창리강변길 45,경상북도 문경시 흥덕동 729-69,75,8,20,16,25,10,0,0,154,,,
경상북도 문경시 마성면 외어1길 75,경상북도 문경시 마성면 외어리 750,38,5,19,8,30,9,0,0,109,,,
경상북도 문경시 산북면 금천로 489,경상북도 문경시 산북면 대상리 256,40,4,16,8,30,8,0,0,106,,,
경상북도 포항시 남구 오천읍 철강로 799,경상북도 포항시 남구 오천읍 문덕리 51-6번지,48,5,14,6,15,4,0,2,94,,,
경기도 용인시 처인구 원삼면 농촌파크로 80,경기도 용인시 처인구 원삼면 사암리 858-1,66,8,44,20,10,0,0,0,148,,,
경상남도 사천시 용현면 진삼로 902,,10,20,15,10,20,5,0,0,80,,,
강원특별자치도 양양군 손양면 학포길 354,강원특별자치도 양양군 손양면 송현리 662-3,33,2,15,4,18,1,15,13,101,,,
강원특별자치도 양양군 현남면 북죽로 179,강원특별자치도 양양군 현남면 두리 159-2,22,2,7,2,7,1,9,8,58,,,
강원특별자치도 양양군 강현면 장산1길 30-8,강원특별자치도 양양군 강현면 정암리 561-1,16,2,6,1,5,0,5,3,38,,,
전라남도 해남군 해남읍 용머리길 51,전라남도 해남군 해남읍 용정리 305-1,86,3,12,13,36,1,1,0,152,,,
전라남도 해남군 옥천면 흑석로 99,전라남도 해남군 옥천면 신계리 791-1,43,3,9,6,18,1,0,0,80,,,
전북특별자치도 부안군 상서면 내변산로 1840-5,전북특별자치도 부안군 상서면 통정리 380-3,118,28,54,26,42,42,2,1,313,,,
전북특별자치도 부안군 보안면 와동안길 21-16,전북특별자치도 부안군 보안면 영전리 390-4,79,18,48,20,28,24,3,0,220,,,
전북특별자치도 부안군 동진면 신광로 20,전북특별자치도 부안군 동진면 하장리 1096,96,18,56,15,49,34,3,0,271,,,
경상북도 구미시 선산읍 김선로 947,경상북도 구미시 선산읍 이문리 857,229,13,27,52,40,36,0,0,397,,,
경상북도 칠곡군 약목면 동덕로 146,경상북도 칠곡군 약목면 동안리 831,186,42,29,23,33,7,17,2,339,,,
경상남도 하동군 북천면 금천길 21,경상남도 하동군 북천면 직전리 556-10,27,11,29,6,5,2,0,0,80,,,
경상남도 하동군 고전면 죽전길 9,경상남도 하동군 고전면 고하리 154-1,48,14,15,4,4,2,2,3,92,,,
경상북도 상주시 발산로 71,경상북도 상주시 초산동 720-1,266,5,83,26,60,0,0,0,440,,,
경상북도 상주시 낙동면 신상1길 109,경상북도 상주시 낙동면 신상리 466,78,8,24,20,21,0,0,0,151,,,
경상북도 상주시 모서면 중화로 845,경상북도 상주시 모서면 삼포리 350-2,52,3,14,7,23,0,0,0,99,,,
경상북도 상주시 공성면 남상주로 512,경상북도 상주시 공성면 평천리 631,52,4,17,7,20,0,0,0,100,,,
충청북도 옥천군 옥천읍 옥천동이로 234,충청북도 옥천군 옥천읍 매화리 236-5,72,7,29,6,14,0,3,3,134,,,
충청북도 옥천군 청산면 남부로 2257,충청북도 옥천군 청산면 지전리 343,65,6,21,7,21,0,3,1,124,,,
충청북도 옥천군 안남면 화학3길 63,충청북도 옥천군 안남면 화학리 630-1,39,7,15,7,11,0,2,0,81,,,
충청남도 아산시 염치읍 염성길 70-30,충청남도 아산시 염치읍 염성리 186-1,139,43,114,41,111,0,19,0,467,,,
경상북도 예천군 예천읍 도효자로 87-56,경상북도 예천군 예천읍 생천리 721-25,177,61,62,82,73,2,0,2,459,,,
경상북도 예천군 풍양면 삼강로 451-1,경상북도 예천군 풍양면 낙상리 205,48,10,16,20,16,1,0,0,111,,,
경상북도 의성군 봉양면 경북대로 5225,경상북도 의성군 봉양면 분토리 928,53,15,5,8,24,0,0,0,105,,,
전북특별자치도 정읍시 옹동면 빗재로 12,전북특별자치도 정읍시 옹동면 비봉리 1667-7,35,21,10,17,5,10,0,0,98,,,
전라남도 무안군 운남면 운해로 656,전라남도 무안군 운남면 연리 475-6,41,0,21,3,13,10,0,1,89,,,
강원도 철원군 동송읍 장흥로 311,강원도 철원군 동송읍 장흥리 846,123,4,50,9,25,2,0,0,213,,,
강원도 철원군 서면 약수로 25,강원도 철원군 서면 와수리 580-1,138,10,91,11,21,0,0,1,272,,,
강원도 철원군 갈말읍 태봉로 1500-9,강원도 철원군 문혜리 623-3,101,4,57,8,19,1,0,1,191,,,
강원도 철원군 동송읍 금강산로 681,강원도 철원군 동송읍 대위리 520,49,3,41,5,22,0,0,1,121,,,
전북특별자치도 완주군 소양면 명덕로 130,전북특별자치도 완주군 소양면 명덕리 361-1,15,5,9,13,9,3,1,0,55,,,
전북특별자치도 완주군 삼례읍 별산길 36,전북특별자치도 완주군 삼례읍 신금리 937-2,58,8,38,21,39,0,3,0,167,,,
전북특별자치도 완주군 구이면 구이로 1481,전북특별자치도 완주군 구이면 원기리 583-1,29,7,13,8,16,0,4,0,77,,,
경상북도 봉화군 춘양면 춘양로 216,경상북도 봉화군 춘양면 춘양로 214,27,2,23,2,14,0,0,1,69,,,
경상북도 봉화군 명호면 봉명로 1369,경상북도 봉화군 명호면 봉명로 1369,32,6,14,9,15,0,0,3,79,,,
강원특별자치도 춘천시 신북읍 율문길 75,강원특별자치도 춘천시 신북읍 율문리 293-1,1,0,0,0,1,0,2,0,4,,,
강원특별자치도 춘천시 동면 가산로 69,강원특별자치도 춘천시 동면 지내리 209-15,8,2,3,1,1,0,1,0,16,,,
강원특별자치도 춘천시 동산면 조양길 270,강원특별자치도 춘천시 동산면 조양리 363-4,17,0,12,0,4,0,2,0,35,,,
강원특별자치도 춘천시 동내면 동내로 78,강원특별자치도 춘천시 동내면 신촌리 583-1,8,2,6,0,0,0,1,0,17,,,
강원특별자치도 춘천시 남면 충효로 1130-10,강원특별자치도 춘천시 남면 발산리 693,21,0,5,0,1,0,2,2,31,,,
전라남도 나주시 동방1길 14,전라남도 나주시 동수동 144-21,620,53,115,32,98,7,28,0,953,,,
충청남도 공주시 신풍면 신풍길 35,충청남도 공주시 신풍면 산정리 336-1,52,13,17,12,12,0,0,0,106,,,
충청남도 공주시 이인면 구부내로 321,충청남도 공주시 이인면 반송리 421-12,81,16,24,20,18,0,0,0,159,,,
경상북도 경산시 자인면 계정길 7,경상북도 경산시 자인면 북사리 514-2,50,36,43,14,37,9,0,0,189,,,
경상북도 경산시 하양읍 한사들길 54-24,경상북도 경산시 하양읍 한사리 1160,24,17,27,0,11,3,0,0,82,,,
충청남도 서천군 마서면 장서로 689,충청남도 서천군 마서면 계동리 88-10,102,5,35,21,31,3,2,0,199,,,
세종특별자치시 연서면 쌍전길 27-31,세종특별자치시 연서면 쌍전리 667,167,18,161,36,93,5,0,6,486,,,
경상남도 함양군 휴천면 천왕봉로 2426,경상남도 함양군 휴천면 남호리 372,26,5,10,9,4,0,0,0,54,,,
경상남도 함양군 백전면 백현길 28-2,경상남도 함양군 백전면 경백리 507,23,9,9,5,3,1,0,0,50,,,
경상남도 거창군 거창읍 거함대로 3322,경상남도 거창군 거창읍 대평리 1359-19,127,33,68,29,40,1,18,0,316,,,
경상남도 거창군 주상면 당대고개길 86,경상남도 거창군 주상면 도평리 461-3,51,18,26,11,11,0,5,0,122,,,
경상남도 거창군 위천면 송계로 326-31,경상남도 거창군 위천면 장기리 269-9,40,19,28,13,11,0,5,0,116,,,
경상남도 거창군 가조면 가북로 20,경상남도 거창군 가조면 장기리 1569,61,18,28,25,11,0,4,0,147,,,
경상남도 거창군 신원면 신차로 3013,경상남도 거창군 신원면 과정리 967,31,16,26,11,9,1,2,0,96,,,
강원특별자치도 화천군 상서면 영서로 6387-6,강원특별자치도 화천군 상서면 신풍리 795,82,3,13,17,15,6,7,9,152,,,
강원특별자치도 화천군 간동면 온수길 23-15,강원특별자치도 화천군 간동면 유촌리 1533-4,72,4,10,12,14,0,3,6,121,,,
강원특별자치도 화천군 상서면 영서로 7321,강원특별자치도 화천군 상서면 부촌리 1386,28,2,12,7,10,2,1,3,65,,,
강원특별자치도 화천군 상서면 장촌리길 141,강원특별자치도 화천군 상서면 장촌리 869-3,46,3,13,4,16,0,1,3,86,,,
강원특별자치도 화천군 하남면 공단길 10,강원특별자치도 화천군 하남면 원천리 999,50,3,7,2,4,0,1,0,67,,,
경기도 화성시 팔탄면 버들로 1613,경기도 화성시 팔탄면 매곡리 172-9번지,159,75,45,50,58,2,6,2,397,,,
경상북도 성주군 대가면 참별로 2479,경상북도 성주군 대가면 옥성리 197,62,5,8,7,13,0,0,0,95,,,
경상북도 성주군 수륜면 참별로 1363,경상북도 성주군 수륜면 수성리 184,49,4,9,8,15,0,0,0,85,,,
경상북도 성주군 초전면 문덕로 417-5,경상북도 성주군 초전면 대장리 764,42,2,9,5,5,0,0,0,63,,,
전라남도 장성군 장성읍 단풍로 220,전라남도 장성군 장성읍 유탕리 1391-1,66,12,48,10,23,4,0,0,163,,,
전라남도 장성군 삼계면 영장로 1620-82,전라남도 장성군 삼계면 사창리 427-1,42,13,40,9,20,2,0,0,126,,,
전라남도 장성군 북이면 방장로 950-10,전라남도 장성군 북이면 사거리 787-32,27,8,33,11,14,2,0,0,95,,,
전북특별자치도 완주군 고산면 고산천로 720-45,전북특별자치도 완주군 고산면 삼기리 945-70,75,13,78,35,52,7,16,0,276,,,
전라남도 영광군 군남면 천년로 626-3,전라남도 영광군 군남면 설매리 1434-1,103,20,44,16,25,0,2,4,214,,,
제주특별자치도 제주시 애월읍 상귀길 173,,75,0,3,1,6,0,0,0,85,,,
제주특별자치도 서귀포시 남원읍 중산간동로 7413,,11,0,10,0,0,0,0,0,21,,,
제주특별자치도 제주시 구좌읍 충렬로 166,,89,0,16,6,0,22,0,0,133,,,
제주특별자치도 서귀포시 표선면 서성일로 138,,47,0,5,6,0,5,0,0,63,,,
제주특별자치도 제주시 한림읍 월림7길 90,,52,0,7,8,4,4,0,0,75,,,
충청남도 청양군 청양읍 구봉로 1026-84,충청남도 청양군 청양읍 정좌리 455,104,39,41,28,49,4,3,11,279,,,
충청남도 청양군 정산면 효자길 62,충청남도 청양군 정산면 서정리 221,128,22,37,30,45,4,3,9,278,,,
전라남도 강진군 군동면 진흥로 85,전라남도 강진군 군동면 호계리 420,84,5,20,14,13,6,3,0,145,,,
전라남도 강진군 칠량면 장포길 6,전라남도 강진군 칠량면 장계리 463-2,39,5,14,9,9,2,0,0,78,,,
전라남도 강진군 도암면 학장로 8,전라남도 강진군 도암면 항촌리 431-1,49,5,14,11,11,2,0,0,92,,,
전라남도 강진군 작천면 까치내로 919,전라남도 강진군 작천면 군자리 197-5,50,6,17,12,10,3,0,0,98,,,
강원특별자치도 춘천시 남산면 한치로 73,강원특별자치도 춘천시 남산면 창촌리 67-3,14,2,4,0,0,0,2,2,24,,,
경기도 연천군 연천읍 연천로42번길 42,경기도 연천군 연천읍 동막리 598-2,77,6,32,8,36,1,0,0,160,,,
경기도 연천군 미산면 청정로 800,경기도 연천군 미산면 아미리 763-8,67,6,24,10,34,0,0,1,142,,,
전라남도 영암군 덕진면 금호길 11,전라남도 영암군 덕진면 장선리 676-6,121,0,28,11,47,0,0,0,207,,,
전라남도 영암군 삼호읍 오복길 298-28,전라남도 영암군 삼호읍 망산리 878,73,0,18,11,27,0,0,0,129,,,
전라남도 영암군 시종면 달보는길 19,전라남도 영암군 시종면 만수리 750-1,60,0,14,7,18,0,0,0,99,,,
강원특별자치도 춘천시 서면 금산길 31,강원특별자치도 춘천시 서면 금산리 925-2,19,0,17,4,0,0,1,0,41,,,
강원특별자치도 춘천시 사북면 영서로 4721,강원특별자치도 춘천시 사북면 신포리 413-3,18,2,6,3,3,0,5,2,39,,,
강원특별자치도 춘천시 북산면 북산로 493,강원특별자치도 춘천시 북산면 오항리 398,9,2,0,0,0,0,3,0,14,,,
강원특별자치도 춘천시 신북읍 신북로 262,강원특별자치도 춘천시 신북읍 산천리 342-2,105,11,52,11,20,4,0,1,204,,,
경상남도 양산시 동면 양산대로 618,경상남도 양산시 동면 석산리 392,78,3,21,18,11,0,2,3,136,,,
경기도 광주시 이배재로 209-5,경기도 광주시 목현동 42-1번지,26,21,33,9,11,2,4,3,109,,,
충청남도 금산군 금성면 의총길 25,,50,28,55,49,65,0,0,0,247,,,
충청남도 예산군 신암면 오신로 852,충청남도 예산군 신암면 종경리 281-22,162,16,28,25,68,7,3,2,311,,,
충청남도 예산군 신양면 예당남로 700,충청남도 예산군 신양면 녹문리 370-1,106,5,12,13,40,3,0,0,179,,,
강원특별자치도 고성군 현내면 화진포서길 146,,68,5,29,11,27,2,2,0,144,,,
대전광역시 유성구 교촌대정로 97,대전광역시 유성구 교촌동 568,4,5,14,8,18,0,0,0,49,,,
전라남도 완도군 완도읍 청해진로 1263-82,,48,4,20,12,6,3,0,0,93,,,
전라남도 함평군 학교면 학교화산길 88,전라남도 함평군 학교면 월산리 1544-2,24,1,13,6,12,0,3,2,61,,,
전라남도 함평군 해보면 해삼로 392-12,전라남도 함평군 해보면 문장리 647,24,4,8,4,14,0,3,0,57,,,
전라남도 함평군 손불면 손무로 728,전라남도 함평군 손불면 대전리 190-3,22,0,9,5,17,0,2,0,55,,,
강원특별자치도 횡성군 서원면 서원로 454,강원특별자치도 횡성군 서원면 압곡리 271,13,8,11,3,26,3,4,0,68,,,
강원특별자치도 횡성군 둔내면 고원남로 38,강원특별자치도 횡성군 둔내면 자포곡리 463-75,44,11,14,15,33,2,2,0,121,,,
강원특별자치도 횡성군 공근면 영서로 152-1,강원특별자치도 횡성군 공근면 학담리 786,148,27,21,45,75,5,12,0,333,,,
충청남도 홍성군 홍성읍 내포로 230,충청남도 홍성군 홍성읍 옥암리 420-4,143,21,64,47,55,29,4,0,363,,,
대구광역시 달성군 옥포읍 비슬로 2040,대구광역시 달성군 옥포읍 교항리 2521-7,259,34,97,18,40,3,10,3,464,,,
경상북도 안동시 풍산읍 풍산태사로 948-16,경상북도 안동시 풍산읍 안교리 539-5,76,18,35,21,25,17,0,0,192,,,
경상북도 안동시 와룡면 퇴계로 1281,경상북도 안동시 와룡면 가야리 990,88,22,32,27,23,18,0,0,210,,,
전라남도 보성군 조성면 조성대동길 54,전라남도 보성군 조성면 우천리 169-1,38,12,14,1,8,10,0,0,83,,,
전북특별자치도 정읍시 정우면 정우남로 282,전북특별자치도 정읍시 정우면 우산리 661,134,38,40,49,39,0,0,4,304,,,
경상남도 창원시 마산합포구 진북면 지산1길 130,경상남도 창원시 마산합포구 진북면 지산리 262-10,1,3,11,6,13,1,0,4,39,,,
경상남도 창원시 의창구 동읍 봉강가술로 70,경상남도 창원시 의창구 동읍 봉곡리 176-1,2,2,36,13,14,0,0,19,86,,,
경상남도 창원시 진해구 웅천로 218,경상남도 창원시 진해구 성내동 476-2,1,2,5,1,2,0,0,1,12,,,
전북특별자치도 김제시 동서로 46,,265,0,113,35,38,36,0,0,487,,,
,전북특별자치도 김제시 봉남면 대송리 708-2,130,0,57,17,31,15,0,0,250,,,
경상북도 청도군 금천면 청려로 4312,경상북도 청도군 금천면 동곡리 1076,42,9,18,12,22,0,0,0,103,,,
경상남도 거창군 거창읍 거함대로 3322,경상남도 거창군 거창읍 대평리 1359-19,85,28,86,12,41,3,10,1,266,,,
경상남도 거창군 주상면 당대고개길 86,경상남도 거창군 주상면 도평리 462-1,53,11,15,12,12,5,5,0,113,,,
경상남도 거창군 위천면 송계로 326-31,경상남도 거창군 위천면 장기리 269-9,42,20,34,14,9,0,2,0,121,,,
경상남도 거창군 가조면 가북로 20,경상남도 거창군 가조면 장기리 1569,38,16,42,10,11,4,4,0,125,,,
경상남도 거창군 신원면 신차로 3013,경상남도 거창군 신원면 과정리 967,33,14,26,9,9,3,3,0,97,,,
인천광역시 강화군 불은면 중앙로 742-2,인천광역시 강화군 불은면 삼성리 1027-42,119,10,40,24,28,2,0,0,223,,,
인천광역시 강화군 교동면 교동남로 333,인천광역시 강화군 교동면 상용리 876-9,62,3,17,3,17,0,0,0,102,,,
인천광역시 강화군 삼산면 삼산북로 468-8,인천광역시 강화군 삼산면 석모리 525-1,54,1,11,2,13,0,0,0,81,,,
강원특별자치도 홍천군 홍천읍 홍천로 677,,93,22,59,10,46,10,28,20,288,,,
강원특별자치도 홍천군 남면 시동로 50,,44,9,24,5,14,2,9,6,113,,,
강원특별자치도 홍천군 서석면 구룡령로 2429,,82,9,72,6,29,2,15,3,218,,,
강원특별자치도 홍천군 서면 감물악길 72,,39,11,22,3,15,3,6,10,109,,,
강원특별자치도 홍천군 내면 구룡령로 5100,,48,2,26,8,10,0,0,0,94,,,
강원특별자치도 홍천군 두촌면 북창길 24,,38,7,22,6,20,3,9,6,111,,,
충청남도 천안시 동남구 성남면 성남로 360,충청남도 천안시 동남구 성남면 신사리 559-20,134,21,69,27,28,3,4,1,287,,,
충청남도 천안시 서북구 성거읍 오목모전길38-17,충청남도 천안시 서북구 성거읍 오목리 산 35-1,81,19,49,22,31,2,2,1,207,,,
전라남도 곡성군 곡성읍 학정3길9,,9,4,0,20,16,3,8,0,60,,,
경기도 남양주시 진건읍 사릉로 234-46,경기도 남양주시 진건읍 사능리 92-1번지,76,1,25,2,16,5,16,11,152,,,
강원특별자치도 태백시 구와우길 34-6,강원특별자치도 태백시 황지동 288-5,40,13,39,3,1,1,0,0,97,,,
전라남도 진도군 군내면 가흥로 691,,122,2,44,17,13,0,12,2,212,,,
전라남도 진도군 임회면 광석길 35,,141,1,43,10,20,0,14,2,231,,,
전라남도 진도군 조도면 조도대로 512,,29,5,23,1,4,0,1,0,63,,,
경상북도 안동시 경동로 1462-28,경상북도 안동시 송천동 1319-68,102,18,33,24,36,28,0,0,241,,,
강원특별자치도 횡성군 갑천면 청정로 295,강원특별자치도 횡성군 갑천면 매일리 627-7,13,11,16,6,22,3,5,0,76,,,
강원특별자치도 횡성군 안흥면 안흥동2길 119,강원특별자치도 횡성군 안흥면 안흥리 1088-1,21,11,16,6,25,3,3,0,85,,,
전라남도 해남군 문내면 심동길 7,전라남도 해남군 문내면 용암리 889,52,3,9,6,18,1,0,0,89,,,
전라남도 해남군 현산면 매화길 37-15,전라남도 해남군 현산면 월송리 207,50,3,10,9,23,1,0,0,96,,,
전라남도 해남군 산이면 원금길 428,전라남도 해남군 산이면 금송리 847-2,54,2,10,9,22,1,0,0,98,,,
경상남도 함안군 가야읍 삼봉로 422,경상남도 함안군 가야읍 묘사리 910,113,5,28,17,20,0,0,0,183,,,
경상남도 함안군 칠서면 회산길 108,경상남도 함안군 칠서면 회산리 34-3,98,5,16,154,15,0,1,0,289,,,
경상남도 함안군 산인면 서봉로 13,경상남도 함안군 산인면 부봉리 469-1,25,0,6,8,8,0,1,0,48,,,
전라남도 장흥군 장흥읍 잣두길 8,전라남도 장흥군 장흥읍 행원리 982-5,132,4,41,9,11,22,3,2,224,,,
전라남도 장흥군 관산읍 장흥대로 1375,전라남도 장흥군 관산읍 외동리 35,66,2,25,4,9,5,4,2,117,,,
전라남도 장흥군 장평면 곰치로 256,전라남도 장흥군 장동면 조양리 873-1,51,4,22,2,8,2,0,0,89,,,
충청북도 제천시 봉양읍 제천북로3길20,충청북도 제천시 봉양읍 미당리 211-11,159,0,85,56,70,0,0,8,378,,,
전라남도 신안군 압해읍 압해로 1042,전라남도 신안군 압해읍 동서리 520,110,1,8,5,6,0,0,1,131,,,
전라남도 신안군 지도읍 봉리길 112,전라남도 신안군 지도읍 광정리 1040,99,0,10,2,4,0,0,0,115,,,
전라남도 신안군 증도면 문준경길 227-28,전라남도 신안군 증도면 증동리 1971-2,74,0,10,2,5,0,0,0,91,,,
전라남도 신안군 임자면 임자로 113-4,전라남도 신안군 임자면 진리 431-35,95,0,10,4,5,0,0,0,114,,,
전북특별자치도 정읍시 소성면 보화1길 88,전북특별자치도 정읍시 소성면 보화리 455-2,54,27,33,25,22,0,0,2,163,,,
전라남도 신안군 자은면 구영2길 28-10,전라남도 신안군 자은면 구영리 378-1,103,1,15,3,3,0,0,0,125,,,
전라남도 신안군 비금면 서남문로 811,전라남도 신안군 비금면 덕산리 145-43,94,1,10,3,4,0,0,0,112,,,
전라남도 신안군 도초면 서남문로 1527,전라남도 신안군 도초면 수항리324-2,74,1,8,1,3,0,0,1,88,,,
전라남도 신안군 하의면 곰실길 12,전라남도 신안군 하의면 웅곡리 250-2,54,1,9,2,3,0,2,0,71,,,
전라남도 신안군 신의면 가락길 12,전라남도 신안군 신의면 상태동리 602-1,55,4,7,1,2,0,0,0,69,,,
전라남도 신안군 장산면 현터길 6,전라남도 신안군 장산면 대리 99-1,81,0,9,2,4,0,0,0,96,,,
전라남도 신안군 안좌면 중부로 692,전라남도 신안군 안좌면 대척리 685-1,96,0,12,2,5,0,0,0,115,,,
전라남도 신안군 팔금면 삼층석탑길 145,전라남도 신안군 팔금면 읍리 417-1,59,0,9,2,2,0,0,1,73,,,
전라남도 신안군 암태면 승봉로 12,전라남도 신안군 암태면 단고리 968-4,68,0,10,2,2,0,0,1,83,,,
전북특별자치도 군산시 개정면 운회길 32,전북특별자치도 군산시 개정면 운회리 633-7,117,3,64,13,30,15,0,1,243,,,
전북특별자치도 군산시 임피면 서원석곡로 584,전북특별자치도 군산시 임피면 읍내리 204-2,63,2,31,8,23,23,0,1,151,,,
전북특별자치도 군산시 옥서면 옥봉들3길 12,전북특별자치도 군산시 옥서면 옥봉리 1316-3,60,2,26,6,16,13,0,0,123,,,
전라남도 광양시 봉강면 인덕로 1169-20,전라남도 광양시 봉강면 지곡리 862-36,55,16,208,15,36,10,16,48,404,,,
전라남도 광양시 진상면 지원길 16,전라남도 광양시 진상면 지원리 1528-1,16,8,39,3,7,1,2,5,81,,,
경상북도 영천시 청통면 호당1길 66-17,경상북도 영천시 청통면 호당리 436,179,67,151,35,61,32,0,0,525,,,
전라남도 담양군 담양읍 면앙정로 730,전라남도 담양군 담양읍 천변리 396-2,146,21,48,16,10,0,22,6,269,,,
전라남도 담양군 창평면 용운길 31,전라남도 담양군 창평면 삼천리 192-3,63,10,20,9,6,0,5,3,116,,,
전북특별자치도 고창군 고창읍 중거리당산로 94,전북특별자치도 고창군 고창읍 읍내리 515-1,5,2,30,22,37,15,0,2,113,,,
전북특별자치도 고창군 해리면 동시길 15,전북특별자치도 고창군 해리면 하련리 104-4,4,2,30,22,35,22,0,1,116,,,
전북특별자치도 고창군 대산면 칠거리로 411-7,전북특별자치도 고창군 대산면 성남리 635-1,3,3,29,18,32,20,0,2,107,,,
전북특별자치도 고창군 흥덕면 죽정길 5,전북특별자치도 고창군 흥덕면 동사리 167-1,4,2,18,16,30,18,0,1,89,,,
경상남도 합천군 용주면 고품부흥1길 7,경상남도 합천군 용주면 고품리 910-302,198,8,33,0,23,20,6,17,305,,,
강원특별자치도 원주시 흥업면 흥대길 7,강원특별자치도 원주시 흥업면 흥업리 1572-5,29,7,27,10,24,4,15,11,127,,,
강원특별자치도 원주시 소초면 치악로 2810-5,강원특별자치도 원주시 소초면 평장리 808,26,6,18,8,22,2,9,8,99,,,
강원특별자치도 원주시 문막읍 건등로 11,강원특별자치도 원주시 문막읍 건등리 1718,30,6,22,9,23,4,9,10,113,,,
강원특별자치도 원주시 신림면 치악로 28-9,강원특별자치도 원주시 신림면 신림리 526,19,2,14,5,17,2,3,4,66,,,
전라남도 보성군 보성읍 녹차로 1357,전라남도 보성군 보성읍 옥평리 781,44,13,15,3,10,10,0,0,95,,,
전라남도 보성군 벌교읍 채동선로 578-8,전라남도 보성군 벌교읍 고읍리 1549-1,33,11,13,5,15,10,0,0,87,,,
전라남도 보성군 복내면 송재로 1670,전라남도 보성군 복내면 유정리 796,38,12,15,2,8,10,0,0,85,,,
전라북도 순창군 유등면 담순로 1548,전라북도 순창군 유등면 건곡리 750-1,123,11,9,16,13,21,1,55,249,,,
전라북도 순창군 구림면 삭골길 37,전라북도 순창군 구림면 월정리 498-1,71,8,10,16,12,15,0,10,142,,,
경상남도 합천군 용주면 고품부흥1길 7,경상남도 합천군 용주면 고품리 910-302,206,10,37,6,12,5,8,17,301,,,
경상남도 합천군 적중면 황강옥전로 1889,경상남도 합천군 적중면 부수리 403,148,9,32,1,6,4,0,2,202,,,
경상남도 합천군 삼가면 서부로 170,경상남도 합천군 삼가면 하판리 1314-3,109,8,24,3,7,1,0,2,154,,,
경상남도 합천군 야로면 미숭산로 21,경상남도 합천군 야로면 야로리 225-5,102,8,19,4,4,1,0,2,140,,,
경상남도 창녕군 대지면 우포2로 1069-15,경상남도 창녕군 대지면 효정리 291,228,32,38,7,21,12,2,6,346,,,
경상남도 창녕군 도천면 신제로 357-3,경상남도 창녕군 도천면 일리 666,218,33,34,5,23,13,0,7,333,,,
경기도 고양시 덕양구 고양대로 1695,경기도 고양시 덕양구 원흥동 471-10번지,28,0,22,4,5,0,0,1,60,,,
대구광역시 군위군 효령면 효우로 97,대구광역시 군위군 효령면 성리 111-2,131,37,22,35,23,3,0,5,256,,,
대구광역시 군위군 산성면 산성가음로 998,대구광역시 군위군 산성면 화전리 269외,36,18,10,13,4,2,0,0,83,,,
충청남도 서산시 인지면 무학재1길 99,충청남도 서산시 인지면 산동리 565-1,100,11,19,45,54,7,0,0,236,,,
충청남도 서산시 운산면 홍안벌로 501,충청남도 서산시 운산면 거성리 340-19,89,11,14,45,41,6,0,0,206,,,
충청남도 서산시 성연면 생동사동길 21,충청남도 서산시 성연면 오사리 386-1,79,7,13,39,35,5,0,0,178,,,
충청남도 서산시 대산읍 대산1로 70,충청남도 서산시 대산읍 대산리 91-24,75,10,12,35,40,4,0,0,176,,,
경기도 파주시 월롱면 통일로620번길 35,경기도 파주시 월롱면 영태리 379-2,74,4,40,12,39,1,0,1,171,,,
경기도 파주시 파평면 청송로 503-5,경기도 파주시 파평면 덕천리 479,126,3,31,19,38,1,0,1,219,,,
전라남도 무안군 일로읍 백련로 112,전라남도 무안군 일로읍 용산리 1363,37,0,21,0,12,18,0,1,89,,,
전라남도 무안군 해제면 현해로 1605,전라남도 무안군 해제면 양매리 431-35,48,0,18,3,11,17,0,1,98,,,
경상북도 청송군 청송읍 주왕산로 172-9,경상북도 청송군 청송읍 송생리 715,115,8,57,6,21,5,8,9,229,,,
경상북도 청송군 안덕면 안덕로 47,경상북도 청송군 안덕면 명당리 368,34,5,22,4,15,4,3,0,87,,,
경상북도 청송군 진보면 양정길 47,경상북도 청송군 진보면 각산리 501-1,57,4,33,5,6,5,4,1,115,,,
경상남도 김해시 전하로198번길 102(전하동),경상남도 김해시 전하동 900,75,6,15,10,6,5,0,0,117,,,
경상남도 김해시 한림면 한림로618번길 36,경상남도 김해시 한림면 장방리 1403,102,5,34,13,7,0,0,4,165,,,
경상남도 김해시 대동면 동남로41번길 25-15,경상남도 김해시 대동면 초정리 952-670,30,3,17,5,4,4,0,2,65,,,
충청북도 보은군 보은읍 남부로 4737,충청북도 보은군 보은읍 강산리 55-1,160,101,155,81,90,2,7,7,603,,,
경상남도 하동군 적량면 한옥정길 91,경상남도 하동군 적량면 동산리 1694,110,31,54,28,24,10,3,14,274,,,
경기도 안성시 보개면 보개원삼로 219,경기도 안성시 보개면 불현리 189-2,38,2,27,12,20,14,0,0,113,,,
경기도 안성시 죽산면 상삼로 95,경기도 안성시 죽산면 두현리 456-6,69,3,40,14,23,16,0,0,165,,,
경기도 안성시 양성면 만세로 523-34,경기도 안성시 양성면 덕봉리 88-35,63,2,36,16,19,19,0,0,155,,,
경기도 안성시 서운면 안성맞춤대로 237-23,경기도 안성시 서운면 송산리 205-5번지,61,2,23,14,18,21,0,0,139,,,
경상남도 남해군 이동면 남해대로 2465-9,경상남도 남해군 이동면 다정리 953,48,23,29,3,0,0,3,0,106,,,
경상남도 남해군 삼동면 동부대로 1740-20,경상남도 남해군 삼동면 금송리 706-10,22,10,15,2,0,4,1,0,54,,,
경상남도 남해군 고현면 남해대로 3264-55,경상남도 남해군 고현면 도마리 1891-1,28,8,24,4,0,0,1,0,65,,,
경기도 평택시 오성면 청오로 33-58,경기도 평택시 오성면 숙성리 95-3,188,26,82,36,35,0,0,0,367,,,
경기도 평택시 진위면 신리길 150,경기도 평택시 진위면 마산리 257,82,15,24,15,26,0,0,0,162,,,
전라남도 여수시 주동1길 32,전라남도 여수시 주삼동 775,52,0,35,9,5,9,4,2,116,,,
강원특별자치도 고성군 간성읍 간성북로 87,강원특별자치도 고성군 간성읍 신안리 390,62,7,21,10,31,6,2,6,145,,,
강원특별자치도 고성군 토성면 천금길 144,,80,5,24,10,29,3,3,0,154,,,
